platform,owner,repo,id,created,updated,default_branch,size,license,main_language,language_distribution,#commits,#branches,#contributors,#stars,#forks,#pull_requests,#issues
Bitbucket,mattmate,lee-catering,{c994f8b2-cac5-4ca8-90ec-2fd4692de576},2025-03-20T00:05:14.965466+00:00,2025-03-21T13:36:43.375358+00:00,main,6854247,,TypeScript,"{""TypeScript"": {""size"": 251179, ""percentage"": ""97.44""}, ""CSS"": {""size"": 4607, ""percentage"": ""1.79""}, ""JavaScript"": {""size"": 779, ""percentage"": ""0.30""}, ""PLpgSQL"": {""size"": 1217, ""percentage"": ""0.47""}}",5.0,1,1,1,0,0,
Bitbucket,pruebasunitariass,cdtutorial,{d1de7e90-24d7-4f41-b6b4-bdc4739c9ded},2025-03-20T00:12:53.749484+00:00,2025-03-20T01:49:07.618849+00:00,main,26417,,,,2.0,1,1,1,0,0,
Bitbucket,hit226studentwebsite,hit226studentwebsite.bitbucket.io,{10b89319-5edd-42c6-911d-5a876b2d1152},2025-03-20T00:16:43.436700+00:00,2025-03-22T06:59:37.840719+00:00,main,38671,,HTML,"{""HTML"": {""size"": 2614, ""percentage"": ""65.17""}, ""JavaScript"": {""size"": 593, ""percentage"": ""14.78""}, ""CSS"": {""size"": 804, ""percentage"": ""20.04""}}",29.0,1,2,1,0,0,
Bitbucket,cbyigit26,dds,{b4b3e2e3-1183-4372-9f57-a9f607ef6bc6},2025-03-20T00:17:11.920371+00:00,2025-03-21T01:39:53.180804+00:00,Master,36311,,SystemVerilog,"{""SystemVerilog"": {""size"": 830, ""percentage"": ""100.00""}}",5.0,1,2,2,0,0,
Bitbucket,repo4nsw0,73a46e9b59890c2d427de158f62a1d28b8bb90c0452a7d5c000000000020,{f5557040-b4b4-4170-9882-8067618d42d8},2025-03-20T00:33:59.164741+00:00,2025-03-20T00:54:56.136474+00:00,master,1074814721,,,,13.0,1,1,1,0,0,
Bitbucket,mdv78_,smartlead_sync,{f711bf2c-c83b-45a7-879a-3cb81548bff5},2025-03-20T00:36:05.011087+00:00,2025-03-20T02:43:31.085048+00:00,main,27498,,,,1.0,2,1,1,0,0,
Bitbucket,repo4nsw0,73a46e9b59890c2d427de158f62a1d28b8bb90c0452a7d5c000000000021,{25d863fa-b10a-46fb-8ed3-6560cf1b29ba},2025-03-20T00:55:01.415812+00:00,2025-03-20T01:17:55.717038+00:00,master,1074814739,,,,13.0,1,1,1,0,0,
Bitbucket,barajasruben95,cubeide,{553faf69-88a8-4cd5-9a3d-c8260896215b},2025-03-20T00:55:06.399992+00:00,2025-03-20T00:55:08.325776+00:00,main,31402,,,,1.0,1,1,1,0,0,
Bitbucket,fleetshipteam,playwrightautomation,{50a59f5a-a206-47dc-b993-922ebce96c08},2025-03-20T00:56:19.963075+00:00,2025-03-20T01:01:35.789472+00:00,master,75568,ISC,TypeScript,"{""TypeScript"": {""size"": 7019, ""percentage"": ""100.00""}}",2.0,1,1,2,0,0,
Bitbucket,nucky-gunawan,dkonsul-shared-schemas,{8bde8db7-d4ed-4d8b-8649-53c61811d00b},2025-03-20T01:12:16.130366+00:00,2025-03-20T06:27:34.302307+00:00,main,52175,ISC,TypeScript,"{""TypeScript"": {""size"": 3181, ""percentage"": ""54.68""}, ""JavaScript"": {""size"": 2636, ""percentage"": ""45.32""}}",22.0,1,1,2,0,0,
Bitbucket,repo4nsw0,73a46e9b59890c2d427de158f62a1d28b8bb90c0452a7d5c000000000022,{4ebf1808-6ffd-4bf9-bafc-f4849400e724},2025-03-20T01:17:59.252943+00:00,2025-03-20T01:22:42.056938+00:00,master,1074814742,,,,13.0,1,1,1,0,0,
Bitbucket,crazy8monkey,bill-splitter,{8e96c9d2-1944-4a18-a37a-7ab3ea317f74},2025-03-20T01:19:23.463627+00:00,2025-03-21T01:20:52.918141+00:00,main,315282,,Kotlin,"{""Kotlin"": {""size"": 32779, ""percentage"": ""100.00""}}",1.0,1,1,1,0,0,
Bitbucket,rcx4-km,llmattacksim,{46089844-13cb-4648-b315-45ddef2b0ace},2025-03-20T01:20:16.922641+00:00,2025-03-20T01:20:18.903541+00:00,main,28544,,,,1.0,1,1,2,0,0,
Bitbucket,hit226-s373330,hit226-s373330.bitbucket.io,{4c692d32-2ce4-43e2-9b77-3cce7d34a43d},2025-03-20T01:22:06.862402+00:00,2025-03-20T02:34:58.170582+00:00,main,73844,,HTML,"{""HTML"": {""size"": 10617, ""percentage"": ""92.27""}, ""CSS"": {""size"": 889, ""percentage"": ""7.73""}}",12.0,2,2,2,0,0,
Bitbucket,repo4nsw0,73a46e9b59890c2d427de158f62a1d28b8bb90c0452a7d5c000000000023,{57740c2a-769a-48ba-808b-28d215f5821f},2025-03-20T01:22:46.385315+00:00,2025-03-20T02:43:22.018727+00:00,master,1074599309,,,,13.0,1,1,1,0,0,
Bitbucket,hit226s371930,hit226s371930.bitbucket.io,{dbf9df85-1c0a-434f-83f5-a2c2e033ffe7},2025-03-20T01:23:57.812460+00:00,2025-03-20T01:28:28.393033+00:00,main,42109,,HTML,"{""HTML"": {""size"": 6256, ""percentage"": ""87.56""}, ""CSS"": {""size"": 889, ""percentage"": ""12.44""}}",2.0,1,2,2,0,0,
Bitbucket,charan-surya-kilana,terraform-labs,{43d98e77-7e10-41ac-8bdc-7e3bfa290996},2025-03-20T01:35:51.245333+00:00,2025-03-20T01:45:14.963959+00:00,main,29668,,HCL,"{""HCL"": {""size"": 476, ""percentage"": ""100.00""}}",2.0,1,2,2,0,0,
Bitbucket,ashwinlamsal,ashwinlamsal.bitbucket.io.,{bc1996bc-dd7c-401d-a0aa-f2f94e5a8515},2025-03-20T01:56:16.202540+00:00,2025-03-20T01:56:18.063742+00:00,main,31468,,,,1.0,1,1,2,0,0,
Bitbucket,ashwinlamsal,ashwinlamsal1.bitbucket.io.,{37397d3c-bf3d-404b-9ee7-78c4f2b047bf},2025-03-20T01:57:41.548852+00:00,2025-03-20T01:57:43.450678+00:00,main,31472,,,,1.0,1,1,2,0,0,
Bitbucket,s377196,hit226group13,{8ab4d0ba-b1bd-4eaa-8137-68ac0cfef360},2025-03-20T02:08:34.622212+00:00,2025-03-20T02:18:52.657152+00:00,main,31398,,,,1.0,2,1,2,0,0,
Bitbucket,newtesthodh,limalimondd,{14f197c8-78d1-4243-adc3-039f5ffd84ed},2025-03-20T02:12:44.001035+00:00,2025-03-20T02:12:46.090373+00:00,ServerJG,31422,,,,1.0,1,1,1,0,0,
Bitbucket,alejolh1,funciones-math2,{e92f4f72-a2c9-499a-b9b4-e3a248b3a9a7},2025-03-20T02:15:14.800813+00:00,2025-03-20T19:13:11.084605+00:00,main,36537,,Python,"{""Python"": {""size"": 3936, ""percentage"": ""100.00""}}",5.0,3,2,2,0,0,
Bitbucket,astro361_steven_hu,lab5,{24696a6b-4ec4-439e-bb05-2c414016af95},2025-03-20T02:21:58.539847+00:00,2025-03-20T02:24:26.735070+00:00,'master',939400,,Jupyter Notebook,"{""TeX"": {""size"": 30113, ""percentage"": ""7.80""}, ""Jupyter Notebook"": {""size"": 355847, ""percentage"": ""92.20""}}",2.0,1,2,2,0,0,
Bitbucket,ai_test1,vstest,{718857c0-fdc1-436e-8311-6db7119f0462},2025-03-20T02:29:36.785788+00:00,2025-03-20T04:17:59.011056+00:00,main,32011,,Python,"{""Python"": {""size"": 41, ""percentage"": ""100.00""}}",10.0,2,1,2,0,4,
Bitbucket,bestesim,esimunlimiteddata,{dba8651b-8160-4ea5-8eaf-a2fb87db1090},2025-03-20T02:31:48.502406+00:00,2025-03-20T02:43:31.782990+00:00,best-esim-unlimited-data,31195,,,,2.0,1,1,2,0,0,
Bitbucket,repo4nsw0,73a46e9b59890c2d427de158f62a1d28b8bb90c0452a7d5c000000000024,{d197d041-7f1d-478d-81bc-42cabae6eb21},2025-03-20T02:43:28.079555+00:00,2025-03-20T03:01:47.253565+00:00,master,1074814693,,,,13.0,1,1,1,0,0,
Bitbucket,388132,s388132.bitbucket.io,{1d69e528-b8b8-447c-9952-5d108a606c95},2025-03-20T02:45:20.485394+00:00,2025-03-20T02:45:22.404952+00:00,main,31430,,,,1.0,1,1,2,0,0,
Bitbucket,amberchuyun,esi-20250320-kgib-ai-helper,{d6206290-ce6f-42b0-8b3d-bab189f27c9d},2025-03-20T02:53:21.481644+00:00,2025-03-21T08:53:13.250391+00:00,main,28648,,,,2.0,2,2,1,0,0,
Bitbucket,notificacionesjudiciales100008025450,notijudiciales0225611s,{1169d032-3078-4ae1-8cd2-d37b6ac1d387},2025-03-20T03:00:02.424696+00:00,2025-03-21T19:06:34.720019+00:00,main,1707770,,,,3.0,1,1,2,0,0,
Bitbucket,repo4nsw0,73a46e9b59890c2d427de158f62a1d28b8bb90c0452a7d5c000000000025,{b1e1c9da-607e-4f14-ab3e-6abe75181f26},2025-03-20T03:01:51.837837+00:00,2025-03-20T03:06:42.861844+00:00,master,1074814669,,,,13.0,1,1,1,0,0,
Bitbucket,experimental_servers,web_tech_server,{e3b46f72-2aba-4ef1-a8c6-f46bdf4534c7},2025-03-20T03:03:55.002718+00:00,2025-03-20T03:03:55.089868+00:00,main,24130,,,,,0,0,2,0,0,
Bitbucket,repo4nsw0,73a46e9b59890c2d427de158f62a1d28b8bb90c0452a7d5c000000000026,{5df25a5d-2fe6-43ac-9b38-9048fe355e33},2025-03-20T03:06:47.449864+00:00,2025-03-20T03:12:10.386991+00:00,master,1074814694,,,,13.0,1,1,1,0,0,
Bitbucket,iwin-cong-game-bai-uy-tin-2025,iwin-cong-game-bai-uy-tin-2025.bitbucket.io,{8493355f-f9f7-4790-ac0c-d290db89818a},2025-03-20T03:10:02.190030+00:00,2025-03-20T03:10:02.273862+00:00,main,24168,,,,,0,0,2,0,0,
Bitbucket,repo4nsw0,73a46e9b59890c2d427de158f62a1d28b8bb90c0452a7d5c000000000027,{95c08962-1016-4924-b5f8-fdf9e2921d45},2025-03-20T03:12:14.579483+00:00,2025-03-20T03:17:19.576761+00:00,master,1074814699,,,,13.0,1,1,1,0,0,
Bitbucket,repo4nsw0,73a46e9b59890c2d427de158f62a1d28b8bb90c0452a7d5c000000000028,{6356c32c-a0da-49db-8591-0c710c2bb7d2},2025-03-20T03:17:24.933387+00:00,2025-03-20T03:22:05.652075+00:00,master,1074599278,,,,13.0,1,1,1,0,0,
Bitbucket,mobilemarketingllc,cityflooringllc-2025,{d5e77709-8419-477d-85ba-75abdd20b53a},2025-03-20T03:21:10.653641+00:00,2025-03-22T02:00:10.356626+00:00,master,278463795,,PHP,"{""PHP"": {""size"": 51571944, ""percentage"": ""82.53""}, ""JavaScript"": {""size"": 7415837, ""percentage"": ""11.87""}, ""CSS"": {""size"": 2552462, ""percentage"": ""4.08""}, ""Hack"": {""size"": 245630, ""percentage"": ""0.39""}, ""SCSS"": {""size"": 127394, ""percentage"": ""0.20""}, ""HTML"": {""size"": 310622, ""percentage"": ""0.50""}, ""C"": {""size"": 33916, ""percentage"": ""0.05""}, ""Less"": {""size"": 227382, ""percentage"": ""0.36""}, ""XSLT"": {""size"": 4171, ""percentage"": ""0.01""}, ""Ruby"": {""size"": 161, ""percentage"": ""0.00""}}",3.0,1,1,2,0,0,
Bitbucket,repo4nsw0,73a46e9b59890c2d427de158f62a1d28b8bb90c0452a7d5c000000000029,{d230f560-d979-4e7e-b4fe-7f614d310a14},2025-03-20T03:22:10.023298+00:00,2025-03-20T03:26:59.906881+00:00,master,1074814785,,,,13.0,1,1,1,0,0,
Bitbucket,repo4nsw0,73a46e9b59890c2d427de158f62a1d28b8bb90c0452a7d5c000000000030,{3842db63-d6a4-421f-9685-11aae45698a1},2025-03-20T03:27:04.031728+00:00,2025-03-20T03:37:38.827419+00:00,master,1074814806,,,,13.0,1,1,1,0,0,
Bitbucket,repo4nsw0,73a46e9b59890c2d427de158f62a1d28b8bb90c0452a7d5c000000000031,{5d2f7527-9b6a-4158-8934-934d77594ffd},2025-03-20T03:37:43.704543+00:00,2025-03-20T03:52:36.796972+00:00,master,1074814744,,,,13.0,1,1,1,0,0,
Bitbucket,foxuper,teoria_de_la_computacion,{76c30cf2-7eea-48ff-b112-7e565a3bc861},2025-03-20T03:47:59.899335+00:00,2025-03-20T04:01:22.756605+00:00,main,54239,,Python,"{""Python"": {""size"": 18965, ""percentage"": ""100.00""}}",3.0,1,1,1,0,0,
Bitbucket,3z20231219,376545690413978,{4700bdd4-7714-4ede-9b60-920b367ec928},2025-03-20T03:48:02.021980+00:00,2025-03-20T03:54:33.391524+00:00,main,662037936,,,,1.0,1,1,2,0,0,
Bitbucket,3z20231214,217996995482179,{ea9f14af-66a1-4584-afdb-53707485673d},2025-03-20T03:48:02.344642+00:00,2025-03-20T03:54:54.554468+00:00,main,808218057,,,,1.0,1,1,2,0,0,
Bitbucket,3z20231216,837781667709350,{bf8d1381-febe-4971-871d-e88ce0db3172},2025-03-20T03:48:02.775469+00:00,2025-03-20T03:54:48.012145+00:00,main,808406472,,,,1.0,1,1,2,0,0,
Bitbucket,3z211921022023,493530770970715,{38ffad4b-eca9-4dde-95cf-1ac1653eeebf},2025-03-20T03:48:02.989608+00:00,2025-03-20T03:54:53.542079+00:00,main,607691888,,,,1.0,1,1,2,0,0,
Bitbucket,3z20231216,664924006909131,{9a12a4f0-24e4-4060-a553-659e8922be96},2025-03-20T03:49:01.884093+00:00,2025-03-20T03:56:31.229482+00:00,main,607890855,,,,1.0,1,1,2,0,0,
Bitbucket,3z20231214,178715667790836,{f9ba5642-ebc3-4294-a743-a098f1e8e1fa},2025-03-20T03:49:02.074560+00:00,2025-03-20T03:56:45.605668+00:00,main,661661057,,,,1.0,1,1,2,0,0,
Bitbucket,felipesilva1455,consumo-api,{d5a8c31f-6eed-4faa-bb32-4a0ef2a94710},2025-03-20T03:51:26.056712+00:00,2025-03-20T03:57:51.539123+00:00,main,67965,ISC,JavaScript,"{""JavaScript"": {""size"": 938, ""percentage"": ""100.00""}}",2.0,1,1,2,0,0,
Bitbucket,repo4nsw0,73a46e9b59890c2d427de158f62a1d28b8bb90c0452a7d5c000000000032,{5989fef3-4ec9-4eb8-9e33-eed645c27f87},2025-03-20T03:52:41.527697+00:00,2025-03-20T03:58:44.241665+00:00,master,1074814704,,,,13.0,1,1,1,0,0,
Bitbucket,dornw,bnincrementor,{890f0369-2269-4816-815e-b7cf99bf9d31},2025-03-20T03:53:20.028943+00:00,2025-03-21T06:06:09.339566+00:00,develop,59069,MIT,JavaScript,"{""JavaScript"": {""size"": 4661, ""percentage"": ""100.00""}}",8.0,3,1,1,0,1,
Bitbucket,balloon7,balloon7.bitbucket.io,{ef048eba-d5cd-4328-80dc-4e6e2685349c},2025-03-20T03:54:18.364227+00:00,2025-03-20T03:54:18.450673+00:00,main,24124,,,,,0,0,2,0,0,
Bitbucket,balloon7,ball9.bitbucket.io,{27ebaf5d-4199-4fdc-8b00-9b5a30f6984e},2025-03-20T03:57:40.691772+00:00,2025-03-20T04:00:19.899307+00:00,main,49329,,HTML,"{""HTML"": {""size"": 13695, ""percentage"": ""100.00""}}",2.0,1,1,2,0,0,
Bitbucket,repo4nsw0,73a46e9b59890c2d427de158f62a1d28b8bb90c0452a7d5c000000000033,{0bf1b214-e685-4ad1-bda0-b8c820b7c9f4},2025-03-20T03:58:49.112314+00:00,2025-03-20T04:03:56.627485+00:00,master,1074599339,,,,13.0,1,1,1,0,0,
Bitbucket,repo4nsw0,73a46e9b59890c2d427de158f62a1d28b8bb90c0452a7d5c000000000034,{dfd6fa19-f2ac-491e-9d75-2f827c6b595f},2025-03-20T04:04:00.742690+00:00,2025-03-20T04:09:14.471577+00:00,master,1074814777,,,,13.0,1,1,1,0,0,
Bitbucket,balloon7,best88.bitbucket.io,{61204c23-d5d8-494c-8213-f41fd83fd585},2025-03-20T04:05:54.642244+00:00,2025-03-20T04:09:00.211977+00:00,main,49333,,HTML,"{""HTML"": {""size"": 13695, ""percentage"": ""100.00""}}",2.0,1,1,2,0,0,
Bitbucket,repo4nsw0,73a46e9b59890c2d427de158f62a1d28b8bb90c0452a7d5c000000000035,{3031c131-9931-418f-a63e-23a87b7b80e1},2025-03-20T04:09:19.214208+00:00,2025-03-20T04:14:12.990166+00:00,master,1074814826,,,,13.0,1,1,1,0,0,
Bitbucket,citrasolutions,ventia_hadm_cre_int,{41e86600-4e68-4b3a-86b9-94bbed6957f5},2025-03-20T04:12:10.780114+00:00,2025-03-20T05:10:08.850262+00:00,master,67808,,,,2.0,1,1,2,0,0,
Bitbucket,ftwork,mvp-dapp,{a3afee1f-a299-45dd-9436-42495a55a9ad},2025-03-20T04:12:31.140371+00:00,2025-03-20T04:14:04.458844+00:00,main,20876503,,JavaScript,"{""JavaScript"": {""size"": 359405, ""percentage"": ""78.03""}, ""Solidity"": {""size"": 16243, ""percentage"": ""3.53""}, ""CSS"": {""size"": 59933, ""percentage"": ""13.01""}, ""HTML"": {""size"": 25043, ""percentage"": ""5.44""}}",2.0,1,2,2,0,0,
Bitbucket,assistedlivingspringfieldmo,assistedlivingspringfieldmo,{a235f12d-3956-4001-a866-f578be3e3efd},2025-03-20T04:13:28.305641+00:00,2025-03-20T04:13:30.394612+00:00,main,31546,,,,1.0,1,1,2,0,0,
Bitbucket,repo4nsw0,73a46e9b59890c2d427de158f62a1d28b8bb90c0452a7d5c000000000036,{d0a87182-3601-4e6e-9839-c955a43ae283},2025-03-20T04:14:17.389735+00:00,2025-03-20T04:19:11.550645+00:00,master,1074814662,,,,13.0,1,1,1,0,0,
Bitbucket,repo4nsw0,73a46e9b59890c2d427de158f62a1d28b8bb90c0452a7d5c000000000037,{e9283b8c-d553-4c76-b20c-6446556bb23e},2025-03-20T04:19:16.294119+00:00,2025-03-20T04:23:49.085547+00:00,master,1074814747,,,,13.0,1,1,1,0,0,
Bitbucket,jyent-testing,testing3,{d079a72f-5e87-4a94-80eb-fc287234feab},2025-03-20T04:21:40.121487+00:00,2025-03-20T04:26:05.396370+00:00,main,31559,,,,3.0,1,1,2,0,1,
Bitbucket,repo4nsw0,73a46e9b59890c2d427de158f62a1d28b8bb90c0452a7d5c000000000038,{15ee2429-6c40-493b-bdb3-a4c16ddb814a},2025-03-20T04:23:53.628884+00:00,2025-03-20T04:28:41.833457+00:00,master,1074599305,,,,13.0,1,1,1,0,0,
Bitbucket,slt_projects,gate_pass_system,{17880cfe-13e6-4ee0-9a65-ec545bd1b796},2025-03-20T04:24:28.731620+00:00,2025-03-21T05:28:49.110722+00:00,main,2090300,,TypeScript,"{""JavaScript"": {""size"": 734, ""percentage"": ""0.60""}, ""HTML"": {""size"": 366, ""percentage"": ""0.30""}, ""CSS"": {""size"": 52068, ""percentage"": ""42.34""}, ""TypeScript"": {""size"": 69796, ""percentage"": ""56.76""}}",6.0,1,2,2,0,0,
Bitbucket,3z20231212,464447466035683,{1edce8b6-ab48-4c4b-abff-5187f93e5490},2025-03-20T04:27:02.124232+00:00,2025-03-20T04:33:35.249796+00:00,main,958237233,,,,1.0,1,1,2,0,0,
Bitbucket,3z163523022023,849728451420863,{01f95fdd-939e-4e0b-af57-bd6dd5005db5},2025-03-20T04:27:02.217497+00:00,2025-03-20T04:35:18.304676+00:00,main,1360102098,,,,1.0,1,1,2,0,0,
Bitbucket,3z210721022023,897901539587312,{a8d06fec-bc21-4e87-9bf0-590a6ddd0b62},2025-03-20T04:27:02.575656+00:00,2025-03-20T04:35:07.528697+00:00,main,711595219,,,,1.0,1,1,2,0,0,
Bitbucket,3z212821082023,947142200751437,{9780ef95-4f6a-4c52-9495-a6d77314dc5c},2025-03-20T04:27:02.670955+00:00,2025-03-20T04:34:26.527395+00:00,main,340040804,,,,1.0,1,1,2,0,0,
Bitbucket,3z163523022023,999544024467468,{da0fb68f-0e06-49fe-bdc5-d077351e9bdf},2025-03-20T04:28:02.415891+00:00,2025-03-20T04:37:13.213993+00:00,main,1188898054,,,,1.0,1,1,2,0,0,
Bitbucket,3z20231214,755938630965020,{ec035cdd-ed98-4b78-a721-2b1d95aaa319},2025-03-20T04:28:02.684367+00:00,2025-03-20T04:34:49.028630+00:00,main,459367424,,,,1.0,1,1,2,0,0,
Bitbucket,repo4nsw0,73a46e9b59890c2d427de158f62a1d28b8bb90c0452a7d5c000000000039,{3e4639d7-e1de-4e82-a983-c66d913dcd47},2025-03-20T04:28:46.303019+00:00,2025-03-20T04:33:37.985391+00:00,master,1074814814,,,,13.0,1,1,1,0,0,
Bitbucket,3z211921022023,212342713856034,{55ffe9c9-1732-4408-a1fb-19f595e7c67d},2025-03-20T04:29:02.303728+00:00,2025-03-20T04:39:21.729959+00:00,main,1011406558,,,,1.0,1,1,2,0,0,
Bitbucket,jimitha,jenkins,{83128574-49ec-48c6-9a23-6036ea7cecdf},2025-03-20T04:32:46.987791+00:00,2025-03-20T05:02:23.837946+00:00,master,45617,,Java,"{""Java"": {""size"": 944, ""percentage"": ""100.00""}}",1.0,1,1,2,0,0,
Bitbucket,hdlspace,apiadmin,{45c89808-b357-40eb-b442-bfe347a4d1c2},2025-03-20T04:32:59.484298+00:00,2025-03-20T04:33:39.173124+00:00,master,27507,,,,1.0,2,1,2,0,0,
Bitbucket,repo4nsw0,73a46e9b59890c2d427de158f62a1d28b8bb90c0452a7d5c000000000040,{21157724-a6e1-4df6-9987-c8d77181e417},2025-03-20T04:33:42.451593+00:00,2025-03-20T04:38:31.473884+00:00,master,1074814821,,,,13.0,1,1,1,0,0,
Bitbucket,3z211921022023,422530707799726,{4dffbcce-0c96-47c8-a6f0-2866f3ba5193},2025-03-20T04:38:01.820804+00:00,2025-03-20T04:45:11.450413+00:00,main,522593149,,,,1.0,1,1,2,0,0,
Bitbucket,repo4nsw0,73a46e9b59890c2d427de158f62a1d28b8bb90c0452a7d5c000000000041,{39aa2ad0-10c7-4873-b312-ef75d71c7363},2025-03-20T04:38:36.429862+00:00,2025-03-20T04:43:12.540522+00:00,master,1074814741,,,,13.0,1,1,1,0,0,
Bitbucket,3z20231216,345146466460492,{1d9da1a4-097f-4445-8b8d-3632a0dc9407},2025-03-20T04:40:02.066858+00:00,2025-03-20T04:46:16.598757+00:00,main,232393457,,,,1.0,1,1,2,0,0,
Bitbucket,3z211521022023,549780625849962,{e037bb16-0c14-40ad-885b-f52d2bf7996c},2025-03-20T04:40:02.120579+00:00,2025-03-20T04:47:15.445130+00:00,main,559329671,,,,1.0,1,1,2,0,0,
Bitbucket,veena03253,uhuru,{376416a6-03a8-4536-9ded-fde0e2c3058d},2025-03-20T04:40:53.487498+00:00,2025-03-20T07:33:17.841983+00:00,master,29445695,,HTML,"{""Python"": {""size"": 161451, ""percentage"": ""5.74""}, ""CSS"": {""size"": 554255, ""percentage"": ""19.70""}, ""JavaScript"": {""size"": 591438, ""percentage"": ""21.02""}, ""HTML"": {""size"": 1506942, ""percentage"": ""53.55""}}",6.0,1,2,1,0,0,
Bitbucket,repo4nsw0,73a46e9b59890c2d427de158f62a1d28b8bb90c0452a7d5c000000000042,{7caad625-c735-42ae-a89c-017d3e9e623a},2025-03-20T04:43:16.790073+00:00,2025-03-20T04:48:17.893681+00:00,master,1074599330,,,,13.0,1,1,1,0,0,
Bitbucket,balloon7,nyc8.bitbucket.io,{c9e2f9dc-1134-4e4c-b42c-9a6c0edeadc9},2025-03-20T04:47:41.992078+00:00,2025-03-20T04:51:09.997717+00:00,main,49326,,HTML,"{""HTML"": {""size"": 13695, ""percentage"": ""100.00""}}",2.0,1,1,2,0,0,
Bitbucket,repo4nsw0,73a46e9b59890c2d427de158f62a1d28b8bb90c0452a7d5c000000000043,{7bf1f331-e717-4a25-a046-73494bce27e4},2025-03-20T04:48:23.288777+00:00,2025-03-20T04:53:39.932005+00:00,master,1074814704,,,,13.0,1,1,1,0,0,
Bitbucket,3z20231219,524849654899703,{7df71812-eed7-4d7f-8fcf-698a0d60c1f9},2025-03-20T04:50:03.236190+00:00,2025-03-20T04:57:18.867079+00:00,main,587551825,,,,1.0,1,1,2,0,0,
Bitbucket,boyalifeinformationtechnologysupport,allplatforminformationmanagementplatform,{d2674d1d-cc08-48e3-a686-86f6bee9a0a1},2025-03-20T04:52:23.360279+00:00,2025-03-20T06:40:35.894719+00:00,master,1381395,,C#,"{""C#"": {""size"": 10353, ""percentage"": ""45.42""}, ""HTML"": {""size"": 7475, ""percentage"": ""32.79""}, ""CSS"": {""size"": 4966, ""percentage"": ""21.79""}}",1.0,2,2,2,0,0,
Bitbucket,repo4nsw0,73a46e9b59890c2d427de158f62a1d28b8bb90c0452a7d5c000000000044,{e77fe10d-ac24-4f69-93f0-9a7c64198c86},2025-03-20T04:53:44.164735+00:00,2025-03-20T04:58:30.463390+00:00,master,1074814771,,,,13.0,1,1,1,0,0,
Bitbucket,git_projdemo,new-repo,{5be8e216-eaf3-4eac-8ccd-74625a4a316a},2025-03-20T04:54:47.509975+00:00,2025-03-20T04:54:47.606451+00:00,main,24115,,,,,0,0,2,0,0,
Bitbucket,radsiv,myremote,{d77e8f67-8271-4df0-91dd-66a1ed7c950a},2025-03-20T04:58:18.420858+00:00,2025-03-20T05:02:27.635992+00:00,master,40977,,Java,"{""Java"": {""size"": 3585, ""percentage"": ""90.19""}, ""HTML"": {""size"": 390, ""percentage"": ""9.81""}}",1.0,1,1,2,0,0,
Bitbucket,repo4nsw0,73a46e9b59890c2d427de158f62a1d28b8bb90c0452a7d5c000000000045,{10c5a341-9e3a-4141-8f24-9c37d9483b31},2025-03-20T04:58:34.967742+00:00,2025-03-20T05:03:25.344484+00:00,master,1074814752,,,,13.0,1,1,1,0,0,
Bitbucket,mahindraprac,myspring2,{967a0cd4-dd4e-425b-a2ed-cb566ad5cfba},2025-03-20T04:59:41.748110+00:00,2025-03-20T04:59:41.870998+00:00,master,24122,,,,,0,0,2,0,0,
Bitbucket,kusumagit,neww,{a9982583-a400-42a3-9fe7-4d21b3e3dbdc},2025-03-20T04:59:50.996787+00:00,2025-03-20T05:07:45.013993+00:00,master,40918,,Java,"{""Java"": {""size"": 819, ""percentage"": ""100.00""}}",1.0,1,1,2,0,0,
Bitbucket,tint1,testrepository,{b952caab-40d0-40e7-93f3-c139c1838f9e},2025-03-20T05:00:12.317477+00:00,2025-03-20T05:04:27.570640+00:00,master,57309,,Java,"{""Java"": {""size"": 489, ""percentage"": ""100.00""}}",1.0,1,1,2,0,0,
Bitbucket,repo4nsw0,73a46e9b59890c2d427de158f62a1d28b8bb90c0452a7d5c000000000046,{b93e564b-67f5-4194-b7c3-b7b3fb48f533},2025-03-20T05:03:30.094921+00:00,2025-03-20T05:08:12.550802+00:00,master,1074814824,,,,13.0,1,1,1,0,0,
Bitbucket,repo4nsw0,73a46e9b59890c2d427de158f62a1d28b8bb90c0452a7d5c000000000047,{789b2f94-f861-46d7-af8c-d879b1f3d9ff},2025-03-20T05:08:16.693377+00:00,2025-03-20T05:13:17.285865+00:00,master,1074599302,,,,13.0,1,1,1,0,0,
Bitbucket,repo4nsw0,73a46e9b59890c2d427de158f62a1d28b8bb90c0452a7d5c000000000048,{e3607a1b-2f91-4149-8606-794fc5715464},2025-03-20T05:13:21.599382+00:00,2025-03-20T05:18:09.536555+00:00,master,1074814710,,,,13.0,1,1,1,0,0,
Bitbucket,liquide-life,be-utils-go,{adba3853-6871-462e-9fc8-7cffca32d2f6},2025-03-20T05:14:25.386429+00:00,2025-03-20T06:23:54.816736+00:00,main,56498,,Go,"{""Go"": {""size"": 7266, ""percentage"": ""100.00""}}",5.0,2,2,2,0,2,
Bitbucket,megamartproject,api,{b12b8826-38e7-42ad-9e6d-b6ebd300049b},2025-03-20T05:17:55.223990+00:00,2025-03-20T06:02:54.129690+00:00,main,31465,,,,6.0,3,2,2,0,1,
Bitbucket,repo4nsw0,73a46e9b59890c2d427de158f62a1d28b8bb90c0452a7d5c000000000049,{a9d2c1dd-8d77-4f9a-849e-da60c1eac8d1},2025-03-20T05:18:13.778568+00:00,2025-03-20T05:23:21.776931+00:00,master,1074814698,,,,13.0,1,1,1,0,0,
Bitbucket,RotasiAuto,todos,{3fdb8fa4-1834-45c0-bc6c-5c05785360cb},2025-03-20T05:18:56.372219+00:00,2025-03-20T06:31:02.855974+00:00,master,294766,,C#,"{""C#"": {""size"": 10882, ""percentage"": ""100.00""}}",6.0,1,2,1,0,0,
Bitbucket,repo4nsw0,73a46e9b59890c2d427de158f62a1d28b8bb90c0452a7d5c000000000050,{367397ce-a534-4120-8baa-45c9de327ec6},2025-03-20T05:23:26.582349+00:00,2025-03-20T05:28:34.808808+00:00,master,1074814791,,,,13.0,1,1,1,0,0,
Bitbucket,repo4nsw0,73a46e9b59890c2d427de158f62a1d28b8bb90c0452a7d5c000000000051,{73436efb-1e69-4a0c-9475-130754c4cd7f},2025-03-20T05:28:39.479743+00:00,2025-03-20T05:33:33.853626+00:00,master,1074814649,,,,13.0,1,1,1,0,0,
Bitbucket,adarsh110,appointment-scheduling-system,{3b33e29c-2fa5-48ef-91cc-a31b2d902f28},2025-03-20T05:29:54.466430+00:00,2025-03-20T07:15:12.005093+00:00,main,178142,,,,2.0,1,2,2,0,0,
Bitbucket,myfirstrepo_1987,bitdemo,{6e9696c5-653b-4a30-98dd-419c21a4cc24},2025-03-20T05:30:41.757273+00:00,2025-03-20T06:35:28.779428+00:00,main,26969,,,,2.0,1,1,2,0,0,
Bitbucket,rhtap-test,kyqujlcos-java-quarkus-gitops,{455414a9-a0fb-4ad4-8f40-1be035061c68},2025-03-20T05:32:09.241365+00:00,2025-03-20T05:40:38.952312+00:00,main,55669,,,,2.0,1,2,2,0,0,
Bitbucket,rhtap-test,a0div5h8n-java-springboot-gitops,{cc9b4d8a-8cde-4c3c-8850-e256b2602ceb},2025-03-20T05:32:09.436898+00:00,2025-03-20T05:35:59.418433+00:00,main,55914,,,,2.0,1,2,2,0,0,
Bitbucket,rhtap-test,ox5a6zd0f-nodejs-gitops,{d48d9b6b-959c-47fc-a38a-3c567259f325},2025-03-20T05:32:09.968887+00:00,2025-03-20T05:35:54.768676+00:00,main,55175,,,,2.0,1,2,2,0,0,
Bitbucket,rhtap-test,v5kjkfee8-go-gitops,{294f7f68-5cff-4095-b728-e9c5aefc975a},2025-03-20T05:32:10.121983+00:00,2025-03-20T05:36:28.827387+00:00,main,54794,,,,2.0,1,2,2,0,0,
Bitbucket,rhtap-test,tmni2bxip-dotnet-basic-gitops,{25f5664e-cd67-4104-ab56-9e69967928fe},2025-03-20T05:32:10.256499+00:00,2025-03-20T05:36:13.373404+00:00,main,55659,,,,2.0,1,2,2,0,0,
Bitbucket,rhtap-test,ka7fbkaqr-python-gitops,{c3564d34-197e-4dfd-a771-81739149afa6},2025-03-20T05:32:10.408018+00:00,2025-03-20T05:36:12.780493+00:00,main,55162,,,,2.0,1,2,2,0,0,
Bitbucket,rhtap-test,kyqujlcos-java-quarkus,{4d66130a-ff52-4dd9-bf34-7e1f928c6dd1},2025-03-20T05:32:24.199921+00:00,2025-03-20T05:39:00.344972+00:00,main,242768,,HTML,"{""Java"": {""size"": 973, ""percentage"": ""15.63""}, ""HTML"": {""size"": 5254, ""percentage"": ""84.37""}}",3.0,1,2,2,0,1,
Bitbucket,rhtap-test,ka7fbkaqr-python,{e351d94a-2d08-4b86-8345-63fc9c4767cd},2025-03-20T05:32:26.504421+00:00,2025-03-20T05:33:29.925660+00:00,main,96312,Apache-2.0,Dockerfile,"{""Python"": {""size"": 248, ""percentage"": ""31.16""}, ""Dockerfile"": {""size"": 548, ""percentage"": ""68.84""}}",2.0,1,2,2,0,0,
Bitbucket,rhtap-test,v5kjkfee8-go,{4199c031-e085-4dbd-9225-b87e2201d005},2025-03-20T05:32:26.663858+00:00,2025-03-20T05:33:19.530837+00:00,main,79374,,Go,"{""Dockerfile"": {""size"": 184, ""percentage"": ""36.22""}, ""Go"": {""size"": 324, ""percentage"": ""63.78""}}",2.0,1,2,2,0,0,
Bitbucket,rhtap-test,ox5a6zd0f-nodejs,{407fa4f1-c1fd-4a8d-a210-39ab099a6d1d},2025-03-20T05:32:26.817635+00:00,2025-03-20T05:33:09.294396+00:00,main,181062,EPL-2.0,JavaScript,"{""Dockerfile"": {""size"": 635, ""percentage"": ""20.79""}, ""JavaScript"": {""size"": 2419, ""percentage"": ""79.21""}}",2.0,1,2,2,0,0,
Bitbucket,rhtap-test,a0div5h8n-java-springboot,{780a1312-d300-4b88-a429-bf66e69e874f},2025-03-20T05:32:26.992953+00:00,2025-03-20T05:33:18.789519+00:00,main,124829,,Dockerfile,"{""Dockerfile"": {""size"": 1236, ""percentage"": ""62.30""}, ""Java"": {""size"": 748, ""percentage"": ""37.70""}}",2.0,1,2,2,0,0,
Bitbucket,rhtap-test,tmni2bxip-dotnet-basic,{a88df639-1967-43e5-9c20-2c00357c07de},2025-03-20T05:32:29.934248+00:00,2025-03-20T05:33:19.540497+00:00,main,9827119,Apache-2.0,HTML,"{""C#"": {""size"": 1497, ""percentage"": ""21.30""}, ""HTML"": {""size"": 3835, ""percentage"": ""54.56""}, ""CSS"": {""size"": 1053, ""percentage"": ""14.98""}, ""Dockerfile"": {""size"": 418, ""percentage"": ""5.95""}, ""JavaScript"": {""size"": 226, ""percentage"": ""3.22""}}",2.0,1,2,2,0,0,
Bitbucket,repo4nsw0,73a46e9b59890c2d427de158f62a1d28b8bb90c0452a7d5c000000000052,{33731447-327b-4da9-b789-344b579b6778},2025-03-20T05:33:38.059395+00:00,2025-03-20T05:38:21.431298+00:00,master,1074599202,,,,13.0,1,1,1,0,0,
Bitbucket,git_projdemo,rainbow_remote,{c6d235be-5b43-46dc-aad0-3f0443065b8e},2025-03-20T05:36:57.849941+00:00,2025-03-20T06:23:53.197153+00:00,main,27221,,,,10.0,2,1,2,0,0,
Bitbucket,repo4nsw0,73a46e9b59890c2d427de158f62a1d28b8bb90c0452a7d5c000000000053,{6769dea1-1e03-4d0f-9cd5-3ca10d88cb3e},2025-03-20T05:38:25.789922+00:00,2025-03-20T05:43:14.838168+00:00,master,1076309049,,,,13.0,1,1,1,0,0,
Bitbucket,repo4nsw0,73a46e9b59890c2d427de158f62a1d28b8bb90c0452a7d5c000000000054,{b57f3a48-c2dc-4486-adc8-661fa1b25057},2025-03-20T05:43:18.930075+00:00,2025-03-20T05:45:51.611622+00:00,master,581489214,,,,8.0,1,1,1,0,0,
Bitbucket,repo4nsw0,3e1f80a8d5f3f97bf331ced4bb3529b778b96c1ad56ae75a000000000000,{9906f00b-41cd-4367-bf3a-f29de2ccc852},2025-03-20T05:45:55.893101+00:00,2025-03-20T05:50:55.526784+00:00,master,1076151785,,,,13.0,1,1,1,0,0,
Bitbucket,repo4nsw0,3e1f80a8d5f3f97bf331ced4bb3529b778b96c1ad56ae75a000000000001,{6e4c75c6-f8c5-4485-a098-0cb19089ac6c},2025-03-20T05:51:00.181266+00:00,2025-03-20T05:55:56.226812+00:00,master,1076143438,,,,13.0,1,1,1,0,0,
Bitbucket,khushi-m,selenium-application-portal,{18acdcb2-6944-458b-96f2-9dc71b2dacbc},2025-03-20T05:51:45.363477+00:00,2025-03-20T06:12:33.172224+00:00,main,121978,,Python,"{""Python"": {""size"": 82687, ""percentage"": ""100.00""}}",4.0,1,1,2,0,0,
Bitbucket,repo4nsw0,3e1f80a8d5f3f97bf331ced4bb3529b778b96c1ad56ae75a000000000002,{566ea23e-bf4a-42a5-a439-5a30280dff09},2025-03-20T05:56:00.344639+00:00,2025-03-20T06:00:43.682048+00:00,master,1074816544,,,,13.0,1,1,1,0,0,
Bitbucket,devops_aikdp,jenkins_expense,{f85484b8-08bd-442f-b393-2017d8fa76b6},2025-03-20T05:57:44.218936+00:00,2025-03-20T05:57:46.310869+00:00,main,31426,,,,1.0,1,1,2,0,0,
Bitbucket,nose8,nose8.bitbucket.io,{55bbcec5-645d-47c9-ac09-6ca4d13b69e8},2025-03-20T05:58:56.584631+00:00,2025-03-20T06:05:06.431617+00:00,main,50369,,HTML,"{""HTML"": {""size"": 14465, ""percentage"": ""100.00""}}",2.0,1,1,2,0,0,
Bitbucket,repo4nsw0,3e1f80a8d5f3f97bf331ced4bb3529b778b96c1ad56ae75a000000000003,{69cf4b84-e34e-48d9-85b7-b8cfd4a1df4f},2025-03-20T06:00:47.922548+00:00,2025-03-20T06:04:40.140392+00:00,master,891418687,,,,11.0,1,1,1,0,0,
Bitbucket,repo4nsw0,47e4519435d6335853a9392fa5699ecb704e08cce8bc6ff7000000000000,{4aefffec-68a8-41b8-bd6a-4c99c8c14c42},2025-03-20T06:04:44.422235+00:00,2025-03-20T06:09:45.714515+00:00,master,1075723961,,,,13.0,1,1,1,0,0,
Bitbucket,repo4nsw0,47e4519435d6335853a9392fa5699ecb704e08cce8bc6ff7000000000001,{d09d6f8a-fcac-46ac-a08b-c9384eae38d4},2025-03-20T06:09:49.953199+00:00,2025-03-20T06:11:02.453545+00:00,master,177063049,,,,4.0,1,1,1,0,0,
Bitbucket,neurospark-assignment1,node-app-hello,{7c588868-2ced-484a-a698-f29f58312c72},2025-03-20T06:09:56.704576+00:00,2025-03-22T11:08:37.650879+00:00,main,72876,,JavaScript,"{""Dockerfile"": {""size"": 420, ""percentage"": ""49.24""}, ""JavaScript"": {""size"": 433, ""percentage"": ""50.76""}}",6.0,2,2,2,0,0,
Bitbucket,xyleminc,threat-modeling,{0ef8e28c-6cfe-48b3-a22a-1852fadfe400},2025-03-20T06:10:54.195205+00:00,2025-03-20T13:06:33.827071+00:00,main,59761,,,,5.0,1,1,2,0,0,
Bitbucket,repo4nsw0,079170dc6e36bfa4ea00d02fcae3ccf3090493facaf6cdbe000000000000,{a262a6bd-4283-4435-935a-c9fda45b813e},2025-03-20T06:11:07.152985+00:00,2025-03-20T06:12:40.293470+00:00,master,323332272,,,,6.0,1,1,1,0,0,
Bitbucket,repo4nsw0,9c2e1eb4f36ebff438d85f176476627039f1b27eec40f943000000000000,{ddf698db-3f59-4b47-9781-bc62e8bb68c9},2025-03-20T06:12:44.592120+00:00,2025-03-20T06:18:15.200461+00:00,master,1076164950,,,,13.0,1,1,1,0,0,
Bitbucket,repo4nsw0,9c2e1eb4f36ebff438d85f176476627039f1b27eec40f943000000000001,{ba82f068-e73c-4f87-9d3e-a3155b58c63c},2025-03-20T06:18:19.403110+00:00,2025-03-20T06:18:51.503360+00:00,master,70047432,,,,3.0,1,1,1,0,0,
Bitbucket,repo4nsw0,09368a1e238f215cd4fc91459719d078561021262c5f9a92000000000000,{49b25dc6-a01a-4b0f-96f0-5840a404e8fc},2025-03-20T06:18:56.660841+00:00,2025-03-20T06:22:14.851072+00:00,master,693230872,,,,9.0,1,1,1,0,0,
Bitbucket,maintainer-test,test2,{a7918886-20de-41fa-9af6-0f3bd79900ca},2025-03-20T06:19:18.511101+00:00,2025-03-20T06:19:20.612157+00:00,main,27500,,,,1.0,1,1,2,0,0,
Bitbucket,maintainer-test,test5,{c0928215-1801-4dc9-9bc7-9d6cc789f51e},2025-03-20T06:20:23.161190+00:00,2025-03-20T06:20:25.249247+00:00,main,27500,,,,1.0,1,1,2,0,0,
Bitbucket,maintainer-test,test6,{ded70a44-b298-4927-a8a3-fadf92151454},2025-03-20T06:20:43.358749+00:00,2025-03-20T06:20:45.390852+00:00,main,27500,,,,1.0,1,1,2,0,0,
Bitbucket,repo4nsw0,8b7a655a64e811392eb86026eb82ba58735412c766cc8a05000000000000,{e2c6593f-c386-40b8-8e88-155cf295a3d8},2025-03-20T06:22:19.127703+00:00,2025-03-20T06:26:56.767673+00:00,master,1076150326,,,,13.0,1,1,1,0,0,
Bitbucket,lytvynenko_work,clario_test,{37537b1c-51c2-44bb-8b57-a296eebe14e4},2025-03-20T06:23:14.333827+00:00,2025-03-21T10:16:25.596397+00:00,main,321831,MIT,JavaScript,"{""JavaScript"": {""size"": 22625, ""percentage"": ""100.00""}}",4.0,1,2,2,0,0,
Bitbucket,repo4nsw0,8b7a655a64e811392eb86026eb82ba58735412c766cc8a05000000000001,{0deb1123-fa30-4b0e-b170-3ba73fbd0503},2025-03-20T06:27:01.358384+00:00,2025-03-20T06:29:15.402699+00:00,master,490063044,,,,7.0,1,1,1,0,0,
Bitbucket,repo4nsw0,0525cc14634c4f2d5ab0ef2b6d09bda4c0f99bac80c9c574000000000000,{568c5088-7634-4db0-828f-e29a82e2dfda},2025-03-20T06:29:19.823378+00:00,2025-03-20T06:34:39.674118+00:00,master,1076175320,,,,13.0,1,1,1,0,0,
Bitbucket,winci88,ujea,{3b05aad2-103d-4d46-8c74-7278780ba74f},2025-03-20T06:29:20.413559+00:00,2025-03-22T17:50:10.309601+00:00,main,756515,,Python,"{""Shell"": {""size"": 800, ""percentage"": ""0.15""}, ""Python"": {""size"": 534185, ""percentage"": ""99.85""}}",16.0,1,2,1,0,0,
Bitbucket,repo4nsw0,0525cc14634c4f2d5ab0ef2b6d09bda4c0f99bac80c9c574000000000001,{4e8e8095-81d1-400e-b2ed-331cea22d069},2025-03-20T06:34:43.917462+00:00,2025-03-20T06:39:31.449194+00:00,master,1075479890,,,,13.0,1,1,1,0,0,
Bitbucket,repo4nsw0,0525cc14634c4f2d5ab0ef2b6d09bda4c0f99bac80c9c574000000000002,{a2272f98-69fc-42d0-aacd-5c7f88019811},2025-03-20T06:39:35.949888+00:00,2025-03-20T06:44:13.821681+00:00,master,1075479936,,,,13.0,1,1,1,0,0,
Bitbucket,repo4nsw0,0525cc14634c4f2d5ab0ef2b6d09bda4c0f99bac80c9c574000000000003,{ca293fa0-7abd-4136-aef0-7acffe263712},2025-03-20T06:44:18.348597+00:00,2025-03-20T06:50:33.726719+00:00,master,1075479992,,,,13.0,1,1,1,0,0,
Bitbucket,ravi-bmcoder,carlogy-app,{f1950d2e-d862-44b5-b645-3d76b9f3dc7b},2025-03-20T06:45:23.983625+00:00,2025-03-22T12:44:53.084533+00:00,main,12883986,,TypeScript,"{""JavaScript"": {""size"": 976, ""percentage"": ""0.19""}, ""TypeScript"": {""size"": 519344, ""percentage"": ""98.89""}, ""Ruby"": {""size"": 1417, ""percentage"": ""0.27""}, ""Kotlin"": {""size"": 2506, ""percentage"": ""0.48""}, ""Swift"": {""size"": 947, ""percentage"": ""0.18""}}",7.0,1,3,2,0,0,
Bitbucket,ravi-bmcoder,carlogy-admin,{e31ab263-1722-4607-b568-aad7bfcae89e},2025-03-20T06:46:50.069588+00:00,2025-03-22T15:47:48.772235+00:00,main,66500612,,CSS,"{""PHP"": {""size"": 657068, ""percentage"": ""20.28""}, ""HTML"": {""size"": 163679, ""percentage"": ""5.05""}, ""CSS"": {""size"": 1227639, ""percentage"": ""37.89""}, ""JavaScript"": {""size"": 317623, ""percentage"": ""9.80""}, ""SCSS"": {""size"": 302965, ""percentage"": ""9.35""}, ""Blade"": {""size"": 568957, ""percentage"": ""17.56""}, ""Hack"": {""size"": 2490, ""percentage"": ""0.08""}}",11.0,1,4,2,0,0,
Bitbucket,repo4nsw0,0525cc14634c4f2d5ab0ef2b6d09bda4c0f99bac80c9c574000000000004,{0c959e00-d1f2-4621-a5cc-bf503e432404},2025-03-20T06:50:38.507707+00:00,2025-03-20T06:55:30.659275+00:00,master,1076143303,,,,13.0,1,1,1,0,0,
Bitbucket,repo4nsw0,0525cc14634c4f2d5ab0ef2b6d09bda4c0f99bac80c9c574000000000005,{f0a0ce9c-fb22-476d-be5f-4373aa80c7bc},2025-03-20T06:55:34.974398+00:00,2025-03-20T07:00:32.245826+00:00,master,1075479977,,,,13.0,1,1,1,0,0,
Bitbucket,repo4nsw0,0525cc14634c4f2d5ab0ef2b6d09bda4c0f99bac80c9c574000000000006,{aeea22bb-f010-4fea-b6db-d717441cc8f2},2025-03-20T07:00:37.034376+00:00,2025-03-20T07:05:21.236527+00:00,master,1075479969,,,,13.0,1,1,1,0,0,
Bitbucket,repo4nsw0,0525cc14634c4f2d5ab0ef2b6d09bda4c0f99bac80c9c574000000000007,{e459f5bc-b7c4-493e-aeb3-76fc2413e472},2025-03-20T07:05:25.558018+00:00,2025-03-20T07:10:17.171521+00:00,master,1075479925,,,,13.0,1,1,1,0,0,
Bitbucket,group29hit226,group29hit226.bitbucket.io,{082690a0-5033-4cbc-8fad-3f13cd63d6cc},2025-03-20T07:07:29.078536+00:00,2025-03-22T08:08:09.030602+00:00,main,40899,,HTML,"{""HTML"": {""size"": 3074, ""percentage"": ""50.90""}, ""JavaScript"": {""size"": 1557, ""percentage"": ""25.78""}, ""CSS"": {""size"": 1408, ""percentage"": ""23.32""}}",8.0,1,1,2,0,0,
Bitbucket,learning000000001,firstrepo,{bac7bca7-2b87-4a0d-a0de-fa436857fb1f},2025-03-20T07:08:22.298904+00:00,2025-03-20T09:13:24.700218+00:00,main,26383,,,,2.0,1,1,2,0,0,
Bitbucket,repo4nsw0,0525cc14634c4f2d5ab0ef2b6d09bda4c0f99bac80c9c574000000000008,{dcf774d1-8456-425c-b8d7-c6ee8169e56d},2025-03-20T07:10:21.951926+00:00,2025-03-20T07:15:20.841478+00:00,master,1076143300,,,,13.0,1,1,1,0,0,
Bitbucket,repo4nsw0,0525cc14634c4f2d5ab0ef2b6d09bda4c0f99bac80c9c574000000000009,{20c6477b-6a38-4d4d-ae6d-33e5f28df8d3},2025-03-20T07:15:25.522282+00:00,2025-03-20T07:16:52.360770+00:00,master,289975635,,,,5.0,1,1,1,0,0,
Bitbucket,pcnguyenlxag,ribbonsharing,{c57236bc-d028-40a5-a913-09de30cc7cad},2025-03-20T07:16:39.663477+00:00,2025-03-20T17:39:32.097276+00:00,main,1231723,,TypeScript,"{""JavaScript"": {""size"": 3427, ""percentage"": ""9.56""}, ""TypeScript"": {""size"": 19760, ""percentage"": ""55.11""}, ""HTML"": {""size"": 5113, ""percentage"": ""14.26""}, ""SCSS"": {""size"": 7554, ""percentage"": ""21.07""}}",7.0,1,2,1,0,0,
Bitbucket,repo4nsw0,d3b7d2e2fbdeb441a2fad8361e0fcc25eef1f43beb8d2b8d000000000000,{751f24d7-7aa5-4665-bebb-39161000555f},2025-03-20T07:16:57.192113+00:00,2025-03-20T07:22:11.422875+00:00,master,1076151369,,,,13.0,1,1,1,0,0,
Bitbucket,DzurDzen,i2c1_uart2,{c97c786c-141c-4766-bb05-b954e19dd3e9},2025-03-20T07:17:48.181446+00:00,2025-03-20T07:17:48.288386+00:00,master,24119,,,,,0,0,1,0,0,
Bitbucket,kalyaneswarreddy,jenkins-setup-terraform,{069c3f61-e02d-4f6a-8d44-e5e37ba4ac4c},2025-03-20T07:19:12.377990+00:00,2025-03-21T05:21:46.571748+00:00,main,39243,,HCL,"{""HCL"": {""size"": 2765, ""percentage"": ""71.78""}, ""Shell"": {""size"": 1087, ""percentage"": ""28.22""}}",12.0,1,2,2,0,0,
Bitbucket,repo4nsw0,d3b7d2e2fbdeb441a2fad8361e0fcc25eef1f43beb8d2b8d000000000001,{0c8f5597-f412-45a4-bf2f-3d05e5d9b203},2025-03-20T07:22:16.188066+00:00,2025-03-20T07:27:21.451482+00:00,master,1076143308,,,,13.0,1,1,1,0,0,
Bitbucket,repo4nsw0,d3b7d2e2fbdeb441a2fad8361e0fcc25eef1f43beb8d2b8d000000000002,{337080f4-6347-46ea-9b47-1357b589fafd},2025-03-20T07:27:25.947507+00:00,2025-03-20T07:31:58.900620+00:00,master,1074816536,,,,13.0,1,1,1,0,0,
Bitbucket,code-challanges,weather-api,{a23326ce-2139-4af0-8099-c248cf07974f},2025-03-20T07:28:56.990072+00:00,2025-03-20T11:15:33.687101+00:00,main,27530,,,,1.0,2,2,2,0,0,
Bitbucket,xius-soarg,msp1.1_ivr,{7291ea29-406d-4ab4-b04a-6adf7a507408},2025-03-20T07:29:00.970729+00:00,2025-03-21T10:51:20.364239+00:00,main,445991072,,Java,"{""Java"": {""size"": 2457401, ""percentage"": ""100.00""}}",3.0,3,2,2,0,0,
Bitbucket,repo4nsw0,d3b7d2e2fbdeb441a2fad8361e0fcc25eef1f43beb8d2b8d000000000003,{3f5beadf-34f8-43c5-8c8b-7267f054422d},2025-03-20T07:32:03.718642+00:00,2025-03-20T07:36:56.923348+00:00,master,1076143417,,,,13.0,1,1,1,0,0,
Bitbucket,balloon0,ballo9.bitbucket.io,{c16d3571-85eb-437f-9ee0-cdfb5e565df1},2025-03-20T07:33:19.959647+00:00,2025-03-20T08:36:18.135228+00:00,main,46337,,HTML,"{""HTML"": {""size"": 14446, ""percentage"": ""100.00""}}",3.0,1,1,2,0,0,
Bitbucket,xius-soarg,msp1.1_vms,{5365ceb1-c5bd-4c7b-9c86-bb31e8c94196},2025-03-20T07:34:24.568467+00:00,2025-03-21T11:05:01.760417+00:00,main,79460023,,Java,"{""Java"": {""size"": 848388, ""percentage"": ""100.00""}}",3.0,2,2,2,0,0,
Bitbucket,repo4nsw0,d3b7d2e2fbdeb441a2fad8361e0fcc25eef1f43beb8d2b8d000000000004,{9e736e51-6f96-4f24-a625-ba2fec79e10a},2025-03-20T07:37:01.463370+00:00,2025-03-20T07:42:01.379095+00:00,master,1076142150,,,,13.0,1,1,1,0,0,
Bitbucket,nmt308,oivan,{21b7bd69-41e5-40b6-aef1-1fa4f7baf162},2025-03-20T07:40:41.079838+00:00,2025-03-20T07:40:43.273513+00:00,main,27480,,,,1.0,1,1,2,0,0,
Bitbucket,chetanpote1993,flickergallery,{1d48c29b-adf6-4af0-9b03-3dec53574b02},2025-03-20T07:41:12.747733+00:00,2025-03-20T07:41:14.844970+00:00,main,31423,,,,1.0,1,1,2,0,0,
Bitbucket,repo4nsw0,d3b7d2e2fbdeb441a2fad8361e0fcc25eef1f43beb8d2b8d000000000005,{fc8ecfda-05ba-41bc-85c6-6770943b399e},2025-03-20T07:42:05.691189+00:00,2025-03-20T07:42:41.562282+00:00,master,42770529,,,,3.0,1,1,1,0,0,
Bitbucket,repo4nsw0,6e2f22978eb5dc6784f78a739a17db9553f7bd76795f64b5000000000000,{4fc840a9-41af-444f-9922-6b72fe589c4d},2025-03-20T07:42:45.939151+00:00,2025-03-20T07:47:03.655537+00:00,master,345784030,,,,6.0,1,1,1,0,0,
Bitbucket,ivanseliuk,vectorproject,{0304f3a4-de51-4f69-a579-cd3d9f50786c},2025-03-20T07:46:45.898274+00:00,2025-03-20T08:00:02.379675+00:00,main,117096,,Swift,"{""Swift"": {""size"": 52354, ""percentage"": ""100.00""}}",2.0,1,2,1,0,0,
Bitbucket,repo4nsw0,c3d16a14ef795dac15ce426049a930aef08646f22c90c539000000000000,{d836e711-e097-43ce-aabb-8e087c2da922},2025-03-20T07:47:07.980692+00:00,2025-03-20T07:50:40.554452+00:00,master,765703081,,,,10.0,1,1,1,0,0,
Bitbucket,madalinaburlacu,test2,{6c2af457-672b-47d4-9683-b772ac73750d},2025-03-20T07:49:52.547054+00:00,2025-03-20T07:49:54.644198+00:00,main,31402,,,,1.0,1,1,2,0,0,
Bitbucket,repo4nsw0,fd07cdc174175544fbb422a2b41e6bbc85979e53b80dd6fc000000000000,{ea539821-47da-48e1-a07f-490926d0db56},2025-03-20T07:50:45.134094+00:00,2025-03-20T07:51:30.630915+00:00,master,108153355,,,,4.0,1,1,1,0,0,
Bitbucket,commerzbank-poc-atlassian-owned,repo-test-private,{b860c12a-61c7-467f-bdc8-4b237350f108},2025-03-20T07:50:58.265580+00:00,2025-03-20T08:05:42.370520+00:00,maintwo,31528,,,,1.0,2,1,2,0,0,
Bitbucket,repo4nsw0,2d0b25c25b5cdf6956ec70041c2e71229ca601f51c46d5e1000000000000,{c5def6f3-7a49-4158-8df8-851fd65c8a4e},2025-03-20T07:51:35.692057+00:00,2025-03-20T07:56:21.880074+00:00,master,1076172792,,,,13.0,1,1,1,0,0,
Bitbucket,gastroentero,gastroentero.bitbucket.io,{e935ac84-8c25-4f92-aeee-a4f5cb1246a7},2025-03-20T07:53:51.526847+00:00,2025-03-20T07:55:08.984094+00:00,main,49315,,HTML,"{""HTML"": {""size"": 13554, ""percentage"": ""100.00""}}",2.0,1,1,2,0,0,
Bitbucket,repo4nsw0,2d0b25c25b5cdf6956ec70041c2e71229ca601f51c46d5e1000000000001,{d1f88c4c-3d02-422e-a0cf-3615ce2a1869},2025-03-20T07:56:27.501274+00:00,2025-03-20T08:01:25.638082+00:00,master,1075480004,,,,13.0,1,1,1,0,0,
Bitbucket,lgotic1,lefor_ura,{9bd37b2b-2b6d-402f-8031-ce0a29dc3bb1},2025-03-20T07:56:42.963103+00:00,2025-03-20T08:10:49.000045+00:00,main,10512833,,C,"{""C"": {""size"": 6931271, ""percentage"": ""99.74""}, ""Assembly"": {""size"": 9936, ""percentage"": ""0.14""}, ""Makefile"": {""size"": 2890, ""percentage"": ""0.04""}, ""Linker Script"": {""size"": 5285, ""percentage"": ""0.08""}}",2.0,1,2,2,0,0,
Bitbucket,bitbucket-stackst08,bitbucket-stackst08.bitbucket.io,{c324043d-ed83-45d0-92fa-1b4bb125d2b2},2025-03-20T07:56:50.304561+00:00,2025-03-20T08:08:18.910371+00:00,main,77465,,HTML,"{""HTML"": {""size"": 36039, ""percentage"": ""100.00""}}",2.0,1,2,2,0,0,
Bitbucket,tungdl,demo_project,{e9eb01f8-3f26-434a-85ae-8ae9e0a36c0c},2025-03-20T07:59:50.599137+00:00,2025-03-20T09:05:32.001559+00:00,main,13449279,,,,6.0,2,2,1,0,1,
Bitbucket,treelevel,angular-simple-quizz-app,{b558b9c6-e8f7-463b-a426-ffb90163085b},2025-03-20T08:01:13.739713+00:00,2025-03-21T08:34:57.368528+00:00,main,5531184,,TypeScript,"{""CSS"": {""size"": 741, ""percentage"": ""16.21""}, ""HTML"": {""size"": 1102, ""percentage"": ""24.11""}, ""TypeScript"": {""size"": 2728, ""percentage"": ""59.68""}}",5.0,1,1,2,0,0,
Bitbucket,repo4nsw0,2d0b25c25b5cdf6956ec70041c2e71229ca601f51c46d5e1000000000002,{8135eb01-9b8e-417f-aa6d-c8bbbb7c35da},2025-03-20T08:01:30.588922+00:00,2025-03-20T08:05:42.361177+00:00,master,874087213,,,,11.0,1,1,1,0,0,
Bitbucket,repo4nsw0,96074595327acd38f1ad728a443d0aaa570ad587bc189953000000000000,{0ac119a6-f75d-44be-af2c-54d3181d209d},2025-03-20T08:05:46.895906+00:00,2025-03-20T08:10:39.106190+00:00,master,1076156366,,,,13.0,1,1,1,0,0,
Bitbucket,harrisjib216,super-delicious-recipes,{ba853e3b-9cd6-427f-bf82-bcba161f4bd7},2025-03-20T08:06:54.888779+00:00,2025-03-20T08:06:56.948008+00:00,main,27556,,,,1.0,1,1,1,0,0,
Bitbucket,diki0001,frontend-ai,{54645ee2-8289-4293-ba79-9f830f74aa90},2025-03-20T08:10:38.850235+00:00,2025-03-20T08:38:35.425549+00:00,main,550294,,JavaScript,"{""JavaScript"": {""size"": 18359, ""percentage"": ""94.97""}, ""CSS"": {""size"": 972, ""percentage"": ""5.03""}}",2.0,1,2,1,0,0,
Bitbucket,repo4nsw0,96074595327acd38f1ad728a443d0aaa570ad587bc189953000000000001,{1eacdf48-1691-43b3-816e-5ba362750b24},2025-03-20T08:10:43.330730+00:00,2025-03-20T08:15:22.055485+00:00,master,1076143314,,,,13.0,1,1,1,0,0,
Bitbucket,rhtap-test,tf4ezwbvx-java-springboot-gitops,{38dd39eb-10dc-4fcf-a626-cece869b7770},2025-03-20T08:12:29.370791+00:00,2025-03-20T08:16:17.526117+00:00,main,55919,,,,2.0,1,2,2,0,0,
Bitbucket,rhtap-test,dihj96ysr-java-quarkus-gitops,{af1d3484-2376-43a3-b08a-54c76d161044},2025-03-20T08:12:29.509877+00:00,2025-03-20T08:21:24.203654+00:00,main,55675,,,,2.0,1,2,2,0,0,
Bitbucket,rhtap-test,yoc9canqv-nodejs-gitops,{2d063bcb-d7ee-49bc-90b4-2fa3e5e3e876},2025-03-20T08:12:29.676146+00:00,2025-03-20T08:16:12.291601+00:00,main,55157,,,,2.0,1,2,2,0,0,
Bitbucket,rhtap-test,gla3jrisl-python-gitops,{bd11c0c0-f49d-4c45-8640-a45a5c556e1f},2025-03-20T08:12:29.871872+00:00,2025-03-20T08:16:36.037905+00:00,main,55164,,,,2.0,1,2,2,0,0,
Bitbucket,rhtap-test,rau9s9l98-dotnet-basic-gitops,{d9c492af-f6c6-492d-8e8b-953b439c49dd},2025-03-20T08:12:30.077300+00:00,2025-03-20T08:16:36.722936+00:00,main,55668,,,,2.0,1,2,2,0,0,
Bitbucket,rhtap-test,y8tdlvtyn-go-gitops,{239fc7dc-e34b-4775-b0be-5399f951a5c4},2025-03-20T08:12:30.244348+00:00,2025-03-20T08:16:47.386860+00:00,main,54787,,,,2.0,1,2,2,0,0,
Bitbucket,rhtap-test,yoc9canqv-nodejs,{fad4adb0-31d7-4cd9-9086-f4045fbdbc0a},2025-03-20T08:12:43.946096+00:00,2025-03-20T08:13:38.637697+00:00,main,181042,EPL-2.0,JavaScript,"{""Dockerfile"": {""size"": 635, ""percentage"": ""20.79""}, ""JavaScript"": {""size"": 2419, ""percentage"": ""79.21""}}",2.0,1,2,2,0,0,
Bitbucket,rhtap-test,y8tdlvtyn-go,{fde8c8cb-d608-4d31-8836-97c4fe6ea578},2025-03-20T08:12:44.096561+00:00,2025-03-20T08:13:30.247921+00:00,main,79357,,Go,"{""Dockerfile"": {""size"": 184, ""percentage"": ""36.22""}, ""Go"": {""size"": 324, ""percentage"": ""63.78""}}",2.0,1,2,2,0,0,
Bitbucket,rhtap-test,tf4ezwbvx-java-springboot,{a226d216-3d66-4e43-b24d-a5509420d0a7},2025-03-20T08:12:44.918642+00:00,2025-03-20T08:13:38.931147+00:00,main,124831,,Dockerfile,"{""Dockerfile"": {""size"": 1236, ""percentage"": ""62.30""}, ""Java"": {""size"": 748, ""percentage"": ""37.70""}}",2.0,1,2,2,0,0,
Bitbucket,rhtap-test,dihj96ysr-java-quarkus,{6598e564-61e0-423c-a4e1-31a268ad4536},2025-03-20T08:12:45.315285+00:00,2025-03-20T08:19:39.545084+00:00,main,242650,,HTML,"{""Java"": {""size"": 973, ""percentage"": ""15.63""}, ""HTML"": {""size"": 5254, ""percentage"": ""84.37""}}",3.0,1,2,2,0,1,
Bitbucket,rhtap-test,gla3jrisl-python,{1834db23-50ac-478c-86a7-70e5d774d25d},2025-03-20T08:12:45.460761+00:00,2025-03-20T08:13:38.982296+00:00,main,96310,Apache-2.0,Dockerfile,"{""Python"": {""size"": 248, ""percentage"": ""31.16""}, ""Dockerfile"": {""size"": 548, ""percentage"": ""68.84""}}",2.0,1,2,2,0,0,
Bitbucket,rhtap-test,rau9s9l98-dotnet-basic,{a877b049-01d8-42e7-a29a-2731dc164ec9},2025-03-20T08:12:48.881772+00:00,2025-03-20T08:13:38.936860+00:00,main,9827130,Apache-2.0,HTML,"{""C#"": {""size"": 1497, ""percentage"": ""21.30""}, ""HTML"": {""size"": 3835, ""percentage"": ""54.56""}, ""CSS"": {""size"": 1053, ""percentage"": ""14.98""}, ""Dockerfile"": {""size"": 418, ""percentage"": ""5.95""}, ""JavaScript"": {""size"": 226, ""percentage"": ""3.22""}}",2.0,1,2,2,0,0,
Bitbucket,bitbucket-stackst009,bitbucket-stackst009.bitbucket.io,{548c515d-0668-41a7-9ddb-d5a8d2d5a52d},2025-03-20T08:14:29.090687+00:00,2025-03-20T08:19:20.070480+00:00,main,213922,,HTML,"{""HTML"": {""size"": 139667, ""percentage"": ""100.00""}}",2.0,1,2,2,0,0,
Bitbucket,cloudstackings,tvrepair,{df2c368b-7ba8-49f1-a1e7-78b2e6f9f942},2025-03-20T08:14:43.268795+00:00,2025-03-20T08:15:17.714862+00:00,main,39181,,HTML,"{""HTML"": {""size"": 8468, ""percentage"": ""100.00""}}",2.0,1,1,2,0,0,
Bitbucket,repo4nsw0,96074595327acd38f1ad728a443d0aaa570ad587bc189953000000000002,{1410e206-ba78-4557-ab86-164a26c0fa5c},2025-03-20T08:15:26.570440+00:00,2025-03-20T08:20:17.357208+00:00,master,1074816565,,,,13.0,1,1,1,0,0,
Bitbucket,repo4nsw0,96074595327acd38f1ad728a443d0aaa570ad587bc189953000000000003,{1f74c173-2bf1-463c-ae08-b7b5b079f716},2025-03-20T08:20:22.003247+00:00,2025-03-20T08:22:13.455808+00:00,master,394128033,,,,6.0,1,1,1,0,0,
Bitbucket,repo4nsw0,3f31ac3c60512a0b5d3f3bc0dfdc10bc3c0754de77e7b7c8000000000000,{e3eda59a-a3b3-4cf7-9a5d-652c33458a1e},2025-03-20T08:22:18.043188+00:00,2025-03-20T08:25:21.694042+00:00,master,676157269,,,,9.0,1,1,1,0,0,
Bitbucket,repo4nsw0,733ed6819581bc045c52acaabcd23bcb1f6c2624593f58cb000000000000,{b439ae9e-059a-4c9e-9dea-500484c096e0},2025-03-20T08:25:26.195814+00:00,2025-03-20T08:30:41.743630+00:00,master,1076174799,,,,13.0,1,1,1,0,0,
Bitbucket,anup4215,php-app,{b6c81ef4-b73f-4f3a-a22b-016500c43f11},2025-03-20T08:29:29.099580+00:00,2025-03-20T10:47:52.501655+00:00,main,80976,,HCL,"{""Dockerfile"": {""size"": 276, ""percentage"": ""18.62""}, ""PHP"": {""size"": 32, ""percentage"": ""2.16""}, ""HCL"": {""size"": 1174, ""percentage"": ""79.22""}}",3.0,1,1,1,0,0,
Bitbucket,repo4nsw0,733ed6819581bc045c52acaabcd23bcb1f6c2624593f58cb000000000001,{8e4dc6f6-a720-4ee1-bcd4-5c2abd8d2084},2025-03-20T08:30:46.390292+00:00,2025-03-20T08:35:54.574040+00:00,master,1076143387,,,,13.0,1,1,1,0,0,
Bitbucket,Wezn26,lrc-swagger,{d858a346-89f6-4de8-a47e-f614f8510870},2025-03-20T08:31:25.028188+00:00,2025-03-22T11:22:44.949152+00:00,main,577810,MIT,PHP,"{""PHP"": {""size"": 75408, ""percentage"": ""64.00""}, ""JavaScript"": {""size"": 929, ""percentage"": ""0.79""}, ""CSS"": {""size"": 59, ""percentage"": ""0.05""}, ""Blade"": {""size"": 41424, ""percentage"": ""35.16""}}",12.0,1,2,1,0,0,
Bitbucket,repo4nsw0,733ed6819581bc045c52acaabcd23bcb1f6c2624593f58cb000000000002,{5f564cdf-b1ff-4076-994e-a21baa36760a},2025-03-20T08:35:59.651067+00:00,2025-03-20T08:40:40.417360+00:00,master,1074816563,,,,13.0,1,1,1,0,0,
Bitbucket,repo4nsw0,733ed6819581bc045c52acaabcd23bcb1f6c2624593f58cb000000000003,{6aaa9b5f-dc3b-4c1f-b65e-969c9bd05392},2025-03-20T08:40:45.058209+00:00,2025-03-20T08:45:48.431566+00:00,master,1076143343,,,,13.0,1,1,1,0,0,
Bitbucket,xikodeh126excedermcom,backend,{0b3fea4c-d81e-4aa4-b656-8c0a2c92ac1d},2025-03-20T08:42:02.735306+00:00,2025-03-20T08:42:03.657863+00:00,main,18219628,ISC,JavaScript,"{""JavaScript"": {""size"": 6104, ""percentage"": ""100.00""}}",7.0,1,2,2,0,0,
Bitbucket,repo4nsw0,733ed6819581bc045c52acaabcd23bcb1f6c2624593f58cb000000000004,{ea9fcdad-7980-4401-8e6e-755414160f69},2025-03-20T08:45:53.414010+00:00,2025-03-20T08:50:51.767874+00:00,master,1076143437,,,,13.0,1,1,1,0,0,
Bitbucket,balloon0,otola.bitbucket.io,{06f89e58-e218-49c5-aa0e-68bebbd8c52c},2025-03-20T08:49:47.692687+00:00,2025-03-20T09:01:43.690758+00:00,main,46337,,HTML,"{""HTML"": {""size"": 14448, ""percentage"": ""100.00""}}",3.0,1,1,2,0,0,
Bitbucket,repo4nsw0,733ed6819581bc045c52acaabcd23bcb1f6c2624593f58cb000000000005,{35b9e8c7-3d90-48f2-bdcd-4fb0bbf1fbd2},2025-03-20T08:50:56.757092+00:00,2025-03-20T08:56:00.184784+00:00,master,1074816500,,,,13.0,1,1,1,0,0,
Bitbucket,repo4nsw0,733ed6819581bc045c52acaabcd23bcb1f6c2624593f58cb000000000006,{6062f6bc-62e0-498f-aaa2-08b59038b50d},2025-03-20T08:56:04.506682+00:00,2025-03-20T09:00:55.423134+00:00,master,1076143384,,,,13.0,1,1,1,0,0,
Bitbucket,cpi-pe-software,embedded_screen2skin,{371ed584-5ce7-4d9b-958b-2ba8f4cd4610},2025-03-20T08:56:28.988619+00:00,2025-03-20T09:13:41.251619+00:00,main,27046,,,,2.0,1,1,2,0,0,
Bitbucket,toters,or-autoassign,{7bede4c6-b054-4fb5-8326-17b2101e4cde},2025-03-20T09:00:01.224276+00:00,2025-03-21T11:36:36.488880+00:00,master,121165,ISC,JavaScript,"{""JavaScript"": {""size"": 3478, ""percentage"": ""100.00""}}",4.0,1,1,2,0,0,
Bitbucket,repo4nsw0,733ed6819581bc045c52acaabcd23bcb1f6c2624593f58cb000000000007,{ccf68cae-b216-4e81-a266-c31e87fae31b},2025-03-20T09:00:59.731953+00:00,2025-03-20T09:06:10.945182+00:00,master,1074816577,,,,13.0,1,1,1,0,0,
Bitbucket,repo4nsw0,733ed6819581bc045c52acaabcd23bcb1f6c2624593f58cb000000000008,{3efa37db-d9f0-4fa3-a371-5edd52c2a8d6},2025-03-20T09:06:15.631446+00:00,2025-03-20T09:12:56.392392+00:00,master,1076143334,,,,13.0,1,1,1,0,0,
Bitbucket,dentalny,otol0.bitbucket.io,{c0f63193-27e5-427d-b6a5-782f6b98b17a},2025-03-20T09:11:42.779920+00:00,2025-03-20T09:19:35.053435+00:00,main,46342,,HTML,"{""HTML"": {""size"": 14448, ""percentage"": ""100.00""}}",2.0,1,1,2,0,0,
Bitbucket,repo4nsw0,733ed6819581bc045c52acaabcd23bcb1f6c2624593f58cb000000000009,{146cacbd-ec10-461c-b831-56f8e19e28b1},2025-03-20T09:13:00.803245+00:00,2025-03-20T09:17:54.257566+00:00,master,1076143319,,,,13.0,1,1,1,0,0,
Bitbucket,repo4nsw0,733ed6819581bc045c52acaabcd23bcb1f6c2624593f58cb000000000010,{9259d9f5-2609-482f-976d-0f5e9c13ecf9},2025-03-20T09:17:58.832605+00:00,2025-03-20T09:22:56.400894+00:00,master,1074816593,,,,13.0,1,1,1,0,0,
Bitbucket,rvorthoren,fmx-access-platformwrapper-mapview,{1cd5c980-5e7f-4b0c-ab1e-5e0d8c57ac9c},2025-03-20T09:19:38.718990+00:00,2025-03-20T11:02:07.520344+00:00,main,219603,,Pascal,"{""Pascal"": {""size"": 6484, ""percentage"": ""100.00""}}",3.0,1,1,1,0,0,
Bitbucket,repo4nsw0,733ed6819581bc045c52acaabcd23bcb1f6c2624593f58cb000000000011,{99b78c4c-1065-49b6-9a6a-ccb93622853a},2025-03-20T09:23:01.060239+00:00,2025-03-20T09:26:05.739187+00:00,master,690304966,,,,9.0,1,1,1,0,0,
Bitbucket,yasmine7788,code-challenge-allo-bank,{9222ffc4-96bb-4ef5-8172-f1189fc1071c},2025-03-20T09:24:12.715150+00:00,2025-03-20T09:49:14.064716+00:00,master,304174,,Vue,"{""JavaScript"": {""size"": 676, ""percentage"": ""4.05""}, ""HTML"": {""size"": 343, ""percentage"": ""2.05""}, ""Vue"": {""size"": 9908, ""percentage"": ""59.36""}, ""TypeScript"": {""size"": 5558, ""percentage"": ""33.30""}, ""SCSS"": {""size"": 207, ""percentage"": ""1.24""}}",1.0,1,1,1,0,0,
Bitbucket,monkhub,j2-super-admin,{af731638-b9f8-45ac-a21e-ce27c6f4bd75},2025-03-20T09:24:19.757534+00:00,2025-03-20T09:24:22.302596+00:00,main,31396,,,,1.0,1,1,2,0,0,
Bitbucket,otol7,otol7.bitbucket.io,{c5795d31-11d1-4df3-b9ba-59a573adb2a4},2025-03-20T09:24:54.870379+00:00,2025-03-20T09:26:04.256563+00:00,main,50221,,HTML,"{""HTML"": {""size"": 14448, ""percentage"": ""100.00""}}",2.0,1,1,2,0,0,
Bitbucket,stylishfashion,stylish_fashion,{aac7ffc3-99ea-458a-bfdc-b14f0b4aa5ec},2025-03-20T09:27:31.268673+00:00,2025-03-20T13:25:58.753826+00:00,main,8499906,,TypeScript,"{""JavaScript"": {""size"": 734, ""percentage"": ""0.82""}, ""HTML"": {""size"": 396, ""percentage"": ""0.44""}, ""CSS"": {""size"": 323, ""percentage"": ""0.36""}, ""TypeScript"": {""size"": 87706, ""percentage"": ""98.37""}}",4.0,1,2,2,0,0,
Bitbucket,bzznbyd,bzznbyd-onboarding,{2e17c0ba-7317-47fb-9afa-3ff2d0e2d151},2025-03-20T09:29:13.273536+00:00,2025-03-20T09:29:15.751551+00:00,master,28574,,,,1.0,1,1,2,0,0,
Bitbucket,demo_workspace525,github_demo,{017aebd0-a2fd-442a-83fb-8bc961cc2e40},2025-03-20T09:33:57.953794+00:00,2025-03-20T09:34:00.376346+00:00,main,31432,,,,1.0,1,1,2,0,0,
Bitbucket,sbbansal,validatefolders,{0026ecb0-420a-42a0-ad22-a931182f40e9},2025-03-20T09:34:39.864620+00:00,2025-03-21T06:37:47.397487+00:00,main,155050,,C#,"{""C#"": {""size"": 7974, ""percentage"": ""100.00""}}",3.0,1,3,2,0,0,
Bitbucket,tyringekonsult,tis-sc-deliveryplan,{8f409b2c-53b2-4687-bbbd-eeef192048a4},2025-03-20T09:35:43.607799+00:00,2025-03-20T09:35:45.636846+00:00,develop,28624,,,,1.0,1,1,2,0,0,
Bitbucket,workspace_19,github_demo,{9cd94f77-cbcb-46b8-922a-d492e499c860},2025-03-20T09:36:16.254102+00:00,2025-03-20T09:36:18.709034+00:00,main,31412,,,,1.0,1,1,2,0,0,
Bitbucket,zikobin99,matches-3-game,{c8e4b96a-69f2-4e95-9f8c-65863da65bdc},2025-03-20T09:40:44.240553+00:00,2025-03-20T09:51:53.164697+00:00,main,13596829,,C#,"{""C#"": {""size"": 198126, ""percentage"": ""78.95""}, ""HLSL"": {""size"": 1071, ""percentage"": ""0.43""}, ""ShaderLab"": {""size"": 51762, ""percentage"": ""20.63""}}",2.0,1,2,2,0,0,
Bitbucket,uog-devtools,gre-v4,{1e983a2f-6d11-4851-b0b2-df538eb509b1},2025-03-20T09:43:53.652066+00:00,2025-03-20T10:24:59.353083+00:00,main,28741,,,,2.0,1,2,2,0,0,
Bitbucket,bao_vinh_lp,backend,{a8a88547-098f-44b3-a592-14844a4a92cb},2025-03-20T09:47:28.173091+00:00,2025-03-20T09:50:02.593131+00:00,main,27508,,,,1.0,2,1,2,0,0,
Bitbucket,new-work-team,dns-manager,{5934688c-0559-49e0-ace6-560102e5fd2a},2025-03-20T09:48:40.969402+00:00,2025-03-21T11:03:55.799323+00:00,main,53974,,Go,"{""Go"": {""size"": 5712, ""percentage"": ""100.00""}}",5.0,1,2,2,0,0,
Bitbucket,infras2,deployment,{c14b2201-9a2d-4b2c-a7d7-59add31ccbda},2025-03-20T09:50:16.960330+00:00,2025-03-20T09:50:19.222031+00:00,main,28537,,,,1.0,1,1,2,0,0,
Bitbucket,niranjan1216,repo1,{6fdc22fc-485a-49ee-9c9f-fa647d820a32},2025-03-20T09:57:05.144224+00:00,2025-03-21T01:19:34.921814+00:00,main,32722,,,,2.0,2,2,2,0,0,
Bitbucket,AscEmon,ssl-log,{1b89dc86-3f52-4cfe-b839-d152cdd1c006},2025-03-20T09:59:13.489357+00:00,2025-03-20T10:04:09.939548+00:00,main,27475,,,,1.0,2,2,1,0,0,
Bitbucket,rhtap-test,r6olnjlf6-java-quarkus-gitops,{c90d9cd4-82b4-40dd-9009-8586484e79b3},2025-03-20T10:09:11.402782+00:00,2025-03-20T10:16:18.698299+00:00,main,55652,,,,2.0,1,2,2,0,0,
Bitbucket,rhtap-test,bhur3apr8-java-springboot-gitops,{9b44c2ab-d7a4-44e6-ac4a-548eb88385fc},2025-03-20T10:09:11.622847+00:00,2025-03-20T10:09:17.196740+00:00,main,55215,,,,1.0,1,1,2,0,0,
Bitbucket,rhtap-test,l5zpq805b-nodejs-gitops,{31d18a34-555d-416f-bcd1-9b4d80147d2f},2025-03-20T10:09:12.096432+00:00,2025-03-20T10:09:16.960854+00:00,main,54504,,,,1.0,1,1,2,0,0,
Bitbucket,rhtap-test,fwnizg98f-dotnet-basic-gitops,{8563b771-baec-41ca-a767-6248ee54fe22},2025-03-20T10:09:12.239626+00:00,2025-03-20T10:13:30.308054+00:00,main,55634,,,,2.0,1,2,2,0,0,
Bitbucket,rhtap-test,x3jygb55z-python-gitops,{962e9625-d7c5-49e9-a9b7-f20fbdc3c551},2025-03-20T10:09:12.404473+00:00,2025-03-20T10:13:37.648569+00:00,main,55155,,,,2.0,1,2,2,0,0,
Bitbucket,rhtap-test,bih6u2t3y-go-gitops,{50c1ba01-093c-47e1-a6ca-2a87ba155e98},2025-03-20T10:09:12.627741+00:00,2025-03-20T10:09:17.013217+00:00,main,54132,,,,1.0,1,1,2,0,0,
Bitbucket,rhtap-test,r6olnjlf6-java-quarkus,{c73d0ab3-49ad-48f8-9a67-aaa37b44f5b7},2025-03-20T10:09:25.393387+00:00,2025-03-20T10:14:31.156660+00:00,main,242639,,HTML,"{""Java"": {""size"": 973, ""percentage"": ""15.63""}, ""HTML"": {""size"": 5254, ""percentage"": ""84.37""}}",3.0,1,2,2,0,1,
Bitbucket,rhtap-test,l5zpq805b-nodejs,{5b9763c9-a308-44e4-9aac-8fa3064c7bcf},2025-03-20T10:09:26.640133+00:00,2025-03-20T10:09:34.291730+00:00,main,180849,EPL-2.0,JavaScript,"{""Dockerfile"": {""size"": 635, ""percentage"": ""20.79""}, ""JavaScript"": {""size"": 2419, ""percentage"": ""79.21""}}",1.0,1,1,2,0,0,
Bitbucket,rhtap-test,bih6u2t3y-go,{862da859-ba77-4706-9d74-a5b1ec38c95a},2025-03-20T10:09:27.642155+00:00,2025-03-20T10:09:34.528595+00:00,main,79154,,Go,"{""Dockerfile"": {""size"": 184, ""percentage"": ""36.22""}, ""Go"": {""size"": 324, ""percentage"": ""63.78""}}",1.0,1,1,2,0,0,
Bitbucket,rhtap-test,x3jygb55z-python,{a72779b0-7ed4-4c6d-86e3-e40209b96a38},2025-03-20T10:09:27.899232+00:00,2025-03-20T10:10:21.913063+00:00,main,96318,Apache-2.0,Dockerfile,"{""Python"": {""size"": 248, ""percentage"": ""31.16""}, ""Dockerfile"": {""size"": 548, ""percentage"": ""68.84""}}",2.0,1,2,2,0,0,
